Area Name,mean_1,std_1,mean_2,std_2,mean_3,std_3,mean_4plus,std_4plus
Buckinghamshire,54.944954805234325,23.075807659783013,64.64995975873438,30.728648243746424,93.4803805409,50.19235337908697,142.13411311064968,80.22879265085957
Cumberland,62.19637848498998,27.186394201227007,75.55079664492634,35.28026307493902,91.79621934327164,44.649495930163,119.95646973237648,59.76583553643711
Westmorland and Furness,56.6760097392767,29.477992704238737,73.77873190231455,41.65890938336007,94.42766695162963,55.51789516607674,122.45191215073652,75.78454361736338
North Yorkshire,60.742980181987726,37.97750999456399,72.96052705975394,42.10918060707059,94.01086649892385,47.36702962071065,122.67926039965582,65.57615967162545
West Northamptonshire,54.227619499534896,22.521766822304023,68.49836404209238,31.471915478337138,88.21277104412535,41.858950565179526,115.85014850476841,71.31362003382512
North Northamptonshire,53.795937771863834,23.095150297011983,68.96914143146485,40.26384033051244,85.11879606405668,38.506563784824294,111.52222672544238,58.547105538735735
domestic-E06000001-Hartlepool,76.81225819324223,854.4230116278547,81.98237215202069,491.20028274377756,84.02896465476437,174.52962455620073,99.32103131038127,53.76265354834471
domestic-E06000002-Middlesbrough,52.83585503559174,22.136985712434107,74.5268050205884,28.45941825913066,83.04034628887214,30.486736517704855,93.39432981621974,38.8519931097916
domestic-E06000003-Redcar-and-Cleveland,54.57957462716271,23.44342616001031,70.98852083146672,33.84208498225289,84.20755840543386,35.82898137011621,100.26495334768029,50.637225722398625
domestic-E06000004-Stockton-on-Tees,51.94445055104101,24.188671137485574,70.39052991961717,30.92190445856153,85.8111486241358,31.28167807269063,99.84205873210213,44.399053364061075
domestic-E06000005-Darlington,54.58774664703565,21.598812466140586,74.29264927407836,26.65236784541418,83.44221549838919,29.329959825543675,98.76838213489644,44.030701733727994
domestic-E06000006-Halton,52.33261342033248,17.856452347039845,65.55750344769629,33.6981629338703,81.5727615807763,40.93358278676304,100.43486085658081,48.76638254919075
domestic-E06000007-Warrington,52.95703286323937,18.351440647185285,66.8795787743367,24.159823451052397,83.01927146472366,28.917867845129468,107.9675953581783,51.51582921990531
domestic-E06000008-Blackburn-with-Darwen,52.35363919710921,21.210011700302587,79.79318636390772,26.850718457808497,87.03861666571365,33.2844198222743,100.5548738536337,54.68799581401164
domestic-E06000009-Blackpool,46.1691869545352,25.383610444337926,64.31364232943697,35.8168093788913,90.40320345305133,36.22200634931369,96.8776882698485,40.3099290937913
domestic-E06000010-Kingston-upon-Hull-City-of,51.92733486287328,22.163863841365156,70.75106002280049,31.611578918423493,80.64167038240446,47.98730325990268,93.7156575045688,114.10409385467386
domestic-E06000011-East-Riding-of-Yorkshire,55.215173535820256,24.665946596278758,70.02492239560877,33.58824684184342,88.45138064545739,43.77229260158474,118.46059319475034,65.64533471382946
domestic-E06000012-North-East-Lincolnshire,54.14591497873938,19.721526263878285,72.27403137881653,34.99008741751289,85.98566354621778,31.951222180329165,98.63973315417185,42.39957700444278
domestic-E06000013-North-Lincolnshire,56.288626416396724,36.24729434528554,70.10140497469581,55.74207956987991,85.89335188753263,45.45786398877125,114.82110854703859,68.43670728598288
domestic-E06000014-York,54.92405977028725,23.32917605851236,72.0661698051154,31.244290145644623,87.39203389370846,35.14608923011023,100.71577604415933,43.426696481201525
domestic-E06000015-Derby,50.04329412335521,22.684675807629198,70.07977214233954,30.776071406541345,83.82423882503893,37.63549881671021,97.29673593020271,38.35257917805757
domestic-E06000016-Leicester,48.917771322170495,21.717668805867465,70.82637075656385,29.228983424234624,86.38291592134672,30.29431245630381,93.72826390997218,34.909051942854475
domestic-E06000017-Rutland,67.21387215378311,36.33344157485835,78.54496700815801,41.7029902263505,96.65387492329484,52.71768453565735,130.1115197653989,77.56263238454333
domestic-E06000018-Nottingham,49.22549084922068,24.829761409843712,71.74777919523373,30.04425624296945,87.948935276175,35.48263647682022,97.47007867784465,38.35090141945797
domestic-E06000019-Herefordshire-County-of,56.736505724414314,31.328395318814792,72.29072167792748,47.54061864222286,93.74327774849756,58.23065486178327,126.59607228005233,70.34521410471142
domestic-E06000020-Telford-and-Wrekin,53.8141718333558,24.20073371105529,68.0266862768677,27.714885828912454,82.77465432544331,29.190837577079837,100.19890057930431,41.14883239234506
domestic-E06000021-Stoke-on-Trent,51.95449862771112,19.97502107994334,72.78339404101523,23.524983737749654,79.77553702430116,33.23234080924404,89.84280867023968,74.08994973018866
domestic-E06000022-Bath-and-North-East-Somerset,57.781571515314845,27.143112423785755,72.91918075874766,35.181965753099945,95.2664648110883,42.349458259072584,112.88436767439461,56.345882248620995
domestic-E06000023-Bristol-City-of,55.461066599429365,27.422615289212633,66.41728379016293,31.962283929638044,97.05180041372472,40.54845000489292,105.14154755840286,44.58496955603488
domestic-E06000024-North-Somerset,55.483033266742154,24.42376564028713,64.4610180054861,28.02874381217791,84.84621414802571,41.062875269332096,107.8568146269363,63.51312367090389
domestic-E06000025-South-Gloucestershire,52.50699974205156,20.54994503688099,61.62303447914827,25.282799256933707,81.9471362436855,32.05337216548038,106.9190317229768,48.56981276651415
domestic-E06000026-Plymouth,53.36746705739398,27.23828279703988,72.87948468420493,39.21862274006836,93.77012539808696,43.3971800270758,105.7541532454311,47.60461532695217
domestic-E06000027-Torbay,49.52624746031762,23.341492190578176,60.225739830043594,28.403231070562626,83.09455301797348,38.70468181115757,99.66541567549712,53.45447453629276
domestic-E06000030-Swindon,52.86143771941484,20.00360956923439,64.24293250675146,24.098158186890366,82.49945773240795,32.82047161800278,105.96335705346804,51.43385261303897
domestic-E06000031-Peterborough,54.88517791133326,21.032659909619166,68.97368961022988,27.131375166698316,86.11612129545223,29.793077984416215,103.71507610838115,44.539770379547925
domestic-E06000032-Luton,43.290632188899764,22.17801249571697,60.60021176167373,28.02429162025778,82.16071403570852,33.94350723402497,92.50763464368507,40.483522938304056
domestic-E06000033-Southend-on-Sea,55.1232929249857,25.368855678933933,62.889723514787384,51.10835783977849,90.14776293938878,35.82292793631646,105.14092121767862,45.847868085975975
domestic-E06000034-Thurrock,49.31757369984325,16.897699084553125,57.680988542060966,19.74673083418949,79.00824668458152,24.12308549291946,101.48345861169972,40.794384601890926
domestic-E06000035-Medway,51.433610936669666,22.109770459588038,65.1703066834654,32.10840592298876,79.54512642580755,23.427555439462836,94.58654125860234,36.46991603873288
domestic-E06000036-Bracknell-Forest,54.595975954444874,18.92326732696608,61.555090769530125,23.793327945974088,83.71228851843092,38.857950405191275,117.28917473337859,68.86758595358725
domestic-E06000037-West-Berkshire,54.8511966099536,30.74067180912459,65.92347757953426,39.323478403928185,92.11053546830848,57.603353213287434,132.30529489970738,87.75719514052346
domestic-E06000038-Reading,48.65800289946656,21.328198500792613,61.878951876586854,27.054409021409747,88.4162954627131,39.23909556258732,105.43307506971139,73.92528891797967
domestic-E06000039-Slough,48.52841183575943,19.16508785568664,57.96616994617764,21.961946688789794,85.68188303784136,32.36133031965776,99.04224089240626,45.502398081639036
domestic-E06000040-Windsor-and-Maidenhead,60.48235722983963,28.31468928976427,69.61216322677043,41.70472742714218,101.51514743770292,67.77951460993887,153.57221697126332,100.96242397131105
domestic-E06000041-Wokingham,53.6519483691478,62.82793903424559,64.22475982475201,225.1559121075523,97.73644326795564,527.159826861701,124.48079128446506,333.57972409665706
domestic-E06000042-Milton-Keynes,55.43834003818757,34.49105140222923,64.5068839369804,32.80779720329412,82.16686335937754,30.58289519493247,104.91524908989317,43.935338755844064
domestic-E06000043-Brighton-and-Hove,49.92619347433237,24.902116441295327,65.01920710033397,28.61300486697531,90.38209223826699,34.42125524206928,104.27450034667058,41.52681692356324
domestic-E06000044-Portsmouth,55.81449161300382,25.518536785312353,68.31911142724225,50.36184671799293,89.30812746942404,74.75702530737017,98.69736753861629,72.88017519246789
domestic-E06000045-Southampton,47.77632044759163,27.21179906558208,61.226781712994814,27.222683076510034,95.4846038908229,36.67928882774421,101.93080255550221,37.9893480444138
domestic-E06000046-Isle-of-Wight,55.583532012583866,23.58750616628911,64.92618729561282,28.300553232925502,82.43899507342255,35.75928187268249,104.37140842874065,46.77058025901496
domestic-E06000047-County-Durham,59.17533588442866,26.441748368030535,78.98624516894449,27.328976634958106,85.9354755801299,30.55439466907883,106.36370697999982,50.464986201082475
domestic-E06000049-Cheshire-East,57.394210396605835,24.124365059235583,71.73089436865426,31.590047758333675,89.03250444452654,45.833419966443344,129.24668324592537,82.7860814937847
domestic-E06000050-Cheshire-West-and-Chester,55.01800108485715,24.821034118301984,70.38447174034216,36.17360035004427,89.11262958531967,48.58542426501911,121.07443120273653,80.20007375632117
domestic-E06000051-Shropshire,55.21682513330426,26.77695436889856,71.35114334260972,38.25563088006713,92.77999611129836,50.909482123131944,127.46760584744801,74.07643610732303
domestic-E06000052-Cornwall,54.82824070286057,86.20279979202454,68.65408031195578,232.5069664932314,86.9567129242834,382.7185189335678,111.40356845051691,336.86659240300423
domestic-E06000053-Isles-of-Scilly,58.65167287668866,36.726427781794754,75.43527817566347,54.599848580829324,99.5964489401056,59.79187742268378,113.17917305631333,60.49067705223191
domestic-E06000054-Wiltshire,55.48642527705034,26.85327705692636,69.65847282658885,36.8498088930908,91.76125404399349,48.0477731075932,125.34508976849774,69.27852780515285
domestic-E06000055-Bedford,48.35571360998409,19.100277504602655,60.88774268161459,26.604172847618013,85.29560621254646,37.53253814722252,112.28304916690365,55.66723841237348
domestic-E06000056-Central-Bedfordshire,51.73354520578605,22.67110678101728,61.8945748914346,32.97114429896294,81.8752885429764,44.36076104228009,113.80856724978818,60.47091768174452
domestic-E06000057-Northumberland,62.09182403354552,30.320933689377114,75.64387008061077,37.352574476059296,95.15594833585763,51.042289781495874,135.0955598859417,82.36898577874847
domestic-E06000058-Bournemouth-Christchurch-and-Poole,51.844469122924586,25.847631337230364,63.57444871586109,28.282190814544123,89.54171327897808,41.52987828931628,112.60446974821137,50.147987423531404
domestic-E06000059-Dorset,57.333505344537954,27.28468139601259,69.79211992849834,35.016521579885016,93.19450885853244,47.544857202846174,124.76101046588124,69.5341031017099
domestic-E06000066-Somerset,54.98041210583227,25.256394704679256,69.41392142987964,35.42103115516393,88.26624623703192,46.632408659093464,117.12347396748712,77.4907126876178
domestic-E07000008-Cambridge,52.341441158969154,29.45662199812698,66.32595850532017,34.745001641778074,90.93676891761807,38.086502415980846,104.58534691412797,54.955933915111046
domestic-E07000009-East-Cambridgeshire,59.54952744939709,38.488412665016796,74.57112723610143,49.33125060862268,92.30309432741282,53.81333296459906,128.77985313769108,69.50996513146735
domestic-E07000010-Fenland,53.108535497240354,21.555683711013057,67.48991486297429,27.567417791285518,83.93696003242874,33.76310991921202,110.6005711433381,50.36078176908747
domestic-E07000011-Huntingdonshire,54.34360099087117,22.70990388836704,63.90377790638297,28.34035023742128,84.82892869089129,38.136535873668315,118.70583475071452,60.487153437304336
domestic-E07000012-South-Cambridgeshire,55.037413389002474,24.692843234619254,68.53666888473889,31.11909008991591,89.30107839545684,38.98118506171865,123.43799007464196,58.305001083936894
domestic-E07000032-Amber-Valley,56.58071698294698,23.505074711518304,70.3202412425358,27.891763381911716,82.44625174495204,34.23236700550875,103.95711771090902,50.2474460858586
domestic-E07000033-Bolsover,57.29473553389403,24.08851807022465,76.26323727715601,24.08180440875229,83.52235750971307,25.850675650839122,102.14941001164817,43.37451080439695
domestic-E07000034-Chesterfield,52.8640358995592,21.93853679765514,68.81634707326376,34.50213073490705,79.24576686043798,48.325722239547375,95.59994188497836,53.37421094421052
domestic-E07000035-Derbyshire-Dales,66.37047970313527,34.229715860309646,77.06385122668559,38.8258470646694,95.30752975228567,46.772203014414465,124.53312392437842,62.51166667554092
domestic-E07000036-Erewash,52.39650693107155,20.975218255123515,67.67417699913717,22.772318291060497,79.99519892018789,24.068317073540328,95.84615568456407,37.838309427688095
domestic-E07000037-High-Peak,58.44481832373402,24.15631673647974,70.71753500828939,27.83750364265964,85.53746736800154,34.22251249634305,107.43936697616948,47.42297186555326
domestic-E07000038-North-East-Derbyshire,54.84328886981711,24.833805066888054,71.47421573907309,27.257058987479226,84.87338093217664,33.766851537190675,111.38044401997278,52.654218899297305
domestic-E07000039-South-Derbyshire,57.86594180931468,25.919624848971225,68.9012631937266,27.9239472138181,82.92351883074993,34.9105092215917,109.60450743980681,53.673904688905246
domestic-E07000040-East-Devon,59.19033382247182,41.90164722123434,70.91217371611552,41.746859375848,89.9399724592442,48.34741707280144,123.69689798275668,74.25802084593103
domestic-E07000041-Exeter,52.890105222901646,22.853488316657174,70.23933848453639,34.35058529679629,93.84399753233699,40.77369821815804,103.46232191285351,45.56815449454685
domestic-E07000042-Mid-Devon,57.46386175226727,28.475445609826984,72.25707176402035,37.560509606017646,89.29490085338975,55.297818268329166,125.17358459082206,96.35454107494226
domestic-E07000043-North-Devon,56.856188673861695,27.88072288708599,71.07256605036987,36.428641338326,90.22065775871002,46.783531918097154,115.4126702928026,61.128250574141816
domestic-E07000044-South-Hams,63.047813311705966,33.013370694019144,73.2555922162557,37.52990869263486,89.97721114278261,48.3973463443685,124.50974805253067,71.36185791923586
domestic-E07000045-Teignbridge,55.05175789646724,23.917015782922334,66.57603490139108,30.43131191133136,82.98591426836086,38.678178758990455,110.41770812395704,53.956732082052696
domestic-E07000046-Torridge,56.4352437641285,25.639636749744344,70.38442314543789,34.91832911957645,89.17940143917214,48.210531615458045,119.77281169634013,71.32789565455987
domestic-E07000047-West-Devon,60.437136823980914,31.86513325744839,73.59410155374383,37.36921138411487,91.11279015710068,47.82652321265679,125.47833808874398,71.4443424779216
domestic-E07000061-Eastbourne,52.59378467054546,30.715861969181454,66.60778764757124,32.51587197720322,84.83588189967479,35.166496400199605,99.25805286742312,42.60498405963103
domestic-E07000062-Hastings,57.423784072517876,26.396680441625453,63.973234891532385,29.23266925031396,81.81577099321885,35.40892587124088,97.46071411399937,41.22500395524966
domestic-E07000063-Lewes,54.277042307494405,22.01034358152047,67.59649668467334,32.91048752364292,89.75134716939198,54.53603315712734,118.94410100050742,92.15092050425395
domestic-E07000064-Rother,61.11003174086647,25.6541429114951,71.43231385540813,32.43320296190153,90.25470585501725,56.381183542108545,122.4182829182079,101.13124208516393
domestic-E07000065-Wealden,57.08904633987461,26.019120016946662,70.00007565570624,35.00027604966891,91.9204534900891,50.47293677228427,129.9491775627753,77.88511926061871
domestic-E07000066-Basildon,52.52790493869549,17.377728715298073,63.8373178247238,22.39148101249857,81.48677431311859,23.268082591343493,106.02233505063901,41.64323058959116
domestic-E07000067-Braintree,53.359218371135846,20.32225580988575,64.37548871532906,27.561310071346426,83.80305817070463,38.260425605050756,119.85521185742522,65.7625245402137
domestic-E07000068-Brentwood,58.049891718759746,20.28611034957746,64.83859219996232,23.271887244699638,89.79998900857548,38.3345975659455,128.85779712675645,60.91870172173124
domestic-E07000069-Castle-Point,56.51857373872176,16.730030200924116,60.19064846524491,20.426578659977,84.94855672658282,26.15301765232286,110.23825497408507,39.63984623793483
domestic-E07000070-Chelmsford,51.46837121232868,17.916920164463235,58.42451729034598,21.682910631194144,84.40505707498127,32.556084768804155,111.6086487825089,52.46248223491814
domestic-E07000071-Colchester,51.6975374883381,19.476449978528525,61.85152584148718,23.07199455374964,82.43398144473578,30.679623406348686,100.64330064195826,43.29903430955035
domestic-E07000072-Epping-Forest,55.45847976610875,22.516206425666862,66.18832395187553,30.043548470575914,96.65158578623267,46.52734216516359,140.6638346665358,79.68038502020394
domestic-E07000073-Harlow,51.00192456901631,14.826988571471519,63.7628069053579,21.464270570276927,81.5178054492913,25.24106717960118,95.41088167109325,35.17566370467007
domestic-E07000074-Maldon,53.131216094160365,21.500114413598396,65.531741030305,28.62383695244865,83.20115781083949,38.27754674839843,120.0993845689247,66.17791380092827
domestic-E07000075-Rochford,53.15187481551773,18.621300345703656,65.2779346015446,24.310693813590646,83.49055990268569,31.264698504958066,110.16972839455764,53.91867974143901
domestic-E07000076-Tendring,52.63047456333274,24.975629590271843,62.4577151219026,27.35241759166428,81.40655903945215,35.491562299330525,105.10909457846662,47.57452637988658
domestic-E07000077-Uttlesford,56.61458376895843,26.6095842539427,69.88037452011105,35.90771758600044,92.91757723913234,47.25227748105427,132.11214262250112,67.84172739142444
domestic-E07000078-Cheltenham,54.27106444915487,24.51994392651087,65.12078829044148,29.473063695323,88.57740188989818,37.210873766815375,109.95249545348325,46.03467901078354
domestic-E07000079-Cotswold,61.96604900480988,31.3172508203204,77.68605634610961,44.2620329670064,99.30899910333518,57.0264995089779,137.03198490755776,85.10696465710656
domestic-E07000080-Forest-of-Dean,56.50713838602211,25.635141821096845,71.59804227293277,35.7167837852221,89.2312544360859,45.78957803510113,116.03775306742432,60.765147879056194
domestic-E07000081-Gloucester,51.84125788904377,19.655580017436577,61.67606407049278,27.055813096753077,83.59873781056757,35.54397325865363,102.39763622173237,50.583628850311236
domestic-E07000082-Stroud,54.01340662255017,23.509313050335187,68.97366746686446,34.774892054610554,89.5739123191966,46.30973321427954,120.26859799705545,68.16905902958904
domestic-E07000083-Tewkesbury,50.97233837448738,22.461147654714726,64.16368464997038,29.670887759841687,84.8447602768313,38.48565595905606,122.8714197510727,61.68033222534484
domestic-E07000084-Basingstoke-and-Deane,53.859194535285155,20.552378204821725,62.7226349534074,26.594474972367404,88.30876200875872,44.4823485424843,125.9803973537744,83.39353105304556
domestic-E07000085-East-Hampshire,53.0921336597979,23.814779463909115,66.43931750900703,32.50270597919086,92.46339249210443,45.566335473484806,132.61693971444578,73.28645800674829
domestic-E07000086-Eastleigh,51.60500683465351,21.450636608150585,60.41723037269697,23.760750978786675,81.73876796990218,29.14128773714299,110.81376620671412,46.15735908434137
domestic-E07000087-Fareham,55.49648040474595,20.475201357289635,63.3148655925159,23.75804144197038,81.73603544829848,28.925589590978518,110.84252237336418,41.94177159613674
domestic-E07000088-Gosport,57.64726317377531,18.805533344902265,65.65752216421583,21.62437405832044,84.31259740737494,27.16607395772543,115.13725000282119,41.648422069090024
domestic-E07000089-Hart,57.199485204166095,21.98800911838791,65.38775573645883,26.41266272161734,86.7861575034578,35.83246950808952,125.91577952474547,57.32117162288197
domestic-E07000090-Havant,52.70197115670587,20.525735195825565,64.78038377066824,24.405028251302095,83.48003079155399,27.301885138213564,108.40329172089135,40.616665933190326
domestic-E07000091-New-Forest,55.534642592214,24.021023499666388,68.02843867497114,30.517719975719434,90.12925285933312,42.178209066547375,122.81247777434731,61.77501800520579
domestic-E07000092-Rushmoor,52.522631331583355,18.284872326758766,60.030320042589935,21.832877547180956,86.69629692350772,24.307644363511656,98.07156988022149,35.24092630597439
domestic-E07000093-Test-Valley,56.61274590468403,21.945554060546556,67.60151750861758,29.493352763468316,90.34908673807138,42.28763053504172,127.28205573825038,71.88259208550659
domestic-E07000094-Winchester,59.24801317105934,27.217162464799383,73.18552639806819,34.66453838036813,95.59117456143366,44.30777241119595,123.4816902917446,63.13765431391278
domestic-E07000095-Broxbourne,51.90019516507064,15.721744715149622,59.21647909060785,19.782669794817803,83.34817808789873,27.117877242919263,113.39733589742158,51.22009354414841
domestic-E07000096-Dacorum,55.31801051732521,18.956872331128874,60.766217678650435,23.579059884086117,84.23893741153141,32.88154021068408,116.96566004684719,55.60057519843414
domestic-E07000098-Hertsmere,54.124096552126666,25.60155974607338,65.34790615998618,26.502602982508236,90.27779526730107,36.78035789134964,128.23239667400892,61.73791973048285
domestic-E07000099-North-Hertfordshire,52.90231386670454,21.308561598054055,60.911451254394436,25.980863609564782,83.55534730157015,38.205741336028474,121.46358262152862,74.75839541864997
domestic-E07000102-Three-Rivers,59.676041305094756,24.052654668017507,66.70050093961697,29.82875656269703,91.46477681828823,45.22827915317184,136.89463401768933,76.01498764655412
domestic-E07000103-Watford,50.805005519549795,19.122620102931982,59.35931506662469,21.949900106481234,86.0940707697329,30.84453240735577,106.27142550231534,48.03483731128087
domestic-E07000105-Ashford,58.3167233695449,23.711966647988515,68.98324445334444,29.650283599313948,85.8782620783456,36.391514130026145,115.91318558096273,56.951655838539274
domestic-E07000106-Canterbury,54.97214218509137,25.05926703009549,69.62273134309585,29.497151914801783,87.20146217627797,33.560729826971645,102.46225641141723,44.771684081229644
domestic-E07000107-Dartford,49.22220486712432,18.652429058217066,60.32178171197801,24.762254595604396,79.96942004996916,31.28219789168264,99.08759336273711,49.96377473572584
domestic-E07000108-Dover,57.875958192013,61.11984384964641,69.46995006719992,62.66138236871066,83.27592518014445,60.38560948194862,103.92733489110765,72.38505469283471
domestic-E07000109-Gravesham,51.421993725058506,18.134960946732413,64.00218437801193,25.20303729097764,84.12519422993401,31.158551893064395,100.01087540548477,46.38663558997908
domestic-E07000110-Maidstone,50.188003457704376,22.114794187463016,64.36649145533586,25.046893049977335,85.61708297904164,35.708267826328324,113.72659452464272,59.864502043741346
domestic-E07000111-Sevenoaks,60.09100805772613,29.65953611540186,71.03626380152353,36.626768287348185,94.16663194927305,56.77741922497827,145.46137916099417,102.08691503171676
domestic-E07000112-Folkestone-and-Hythe,58.82751663528597,25.578695978347945,68.99284796955743,26.99136355668605,85.46640369483862,31.099740175747517,107.55569357875821,45.333246294790754
domestic-E07000113-Swale,51.58017298831315,28.971722203391867,67.03426881337043,66.71056554878136,81.75615106171067,31.2101330045541,104.66664640536901,50.680505087087745
domestic-E07000114-Thanet,57.06776116591507,21.496400611657013,65.33446885625143,25.433605459273178,84.99424422811045,30.89702608704426,100.68430339168447,39.82022414028939
domestic-E07000115-Tonbridge-and-Malling,57.80437736367696,23.88822413024635,67.23136996304518,28.601790266822164,86.87760763661242,39.97311336666589,119.53904869104414,62.68916961269355
domestic-E07000116-Tunbridge-Wells,53.57219691209481,25.7949343563523,66.30889835909538,32.875193988224716,92.51436584388155,48.41577638180194,126.56685963364957,72.38856689662587
domestic-E07000117-Burnley,53.19245120261989,22.87878656287376,75.09320113766117,22.460820956048945,78.23908837391672,25.361534979192978,86.34714036791915,34.247462831131116
domestic-E07000118-Chorley,50.04968243717524,20.77486367481925,66.72432283901371,25.10299768890128,82.91984730093766,27.857844737656944,106.59897876314183,46.44237567283437
domestic-E07000119-Fylde,55.980410237160164,24.778754976197828,63.676738893956326,28.43563142889749,90.36227285285212,40.33496194456946,113.62396286617926,59.61251371764596
domestic-E07000120-Hyndburn,54.88693350707495,25.076247025621587,80.96523499100188,41.75819016902301,84.34771509349278,40.247050011550414,93.95493455778387,31.62035296324581
domestic-E07000121-Lancaster,54.52829506576291,24.9906440156127,70.14806784096642,35.709281813577824,89.3645158649176,43.054447897137656,100.90942840536782,48.15879339516528
domestic-E07000122-Pendle,60.73745003759297,25.709651871973694,77.6064112172949,24.42360450312949,83.52427205536367,27.15154794667598,96.88635041925879,40.30993681453872
domestic-E07000123-Preston,50.51861366775407,21.01399860092699,69.7969530081447,30.57812139422964,85.33922176291749,35.92896699181538,96.35229605886974,52.969323610571095
domestic-E07000124-Ribble-Valley,60.18343836189414,29.74259816539405,79.34168032717812,33.326215519996005,97.69352857097287,51.82045179210967,139.57415550540878,72.86910524626458
domestic-E07000125-Rossendale,59.65972073019547,27.021869548675813,76.59812244298556,28.037093392445097,84.33776714686205,34.04370269878533,108.81615389765804,62.91549751528857
domestic-E07000126-South-Ribble,56.395721501485326,24.222749253662005,68.30906305032467,63.055651358297254,84.81373999376027,124.33589110753546,103.8315511724775,90.82284638484072
domestic-E07000127-West-Lancashire,59.70231479387737,24.33550039650288,77.10153867070595,30.98847949829364,90.49018225308208,36.26300041196325,109.16130548793633,61.84377567011458
domestic-E07000128-Wyre,50.36408377343585,23.649397034868173,68.07036682495146,32.00439748040399,87.07266070663475,35.40791227445046,107.44113484953762,52.008016819755895
domestic-E07000129-Blaby,54.865225039690756,20.217257374211815,67.25393300684502,24.343164097564188,82.26851472445745,27.080133026643427,102.91361024966439,39.9166518584989
domestic-E07000130-Charnwood,53.223395793673845,24.461097240180006,72.31736233278924,31.191560556054377,87.71058391832565,35.8871434106464,107.38712775293854,48.24985146804232
domestic-E07000131-Harborough,57.74402946409592,25.081868059590718,70.11478322907271,31.736311936828304,89.03776193749044,43.20083349523808,124.27401093541572,64.67707843187472
domestic-E07000132-Hinckley-and-Bosworth,53.776203793693846,19.731867005190797,66.93481268377973,25.845881831490026,83.44603838409019,35.075206612324926,113.11448296860146,59.23559487662803
domestic-E07000133-Melton,54.45612045306923,23.318265752183155,72.12573283600737,32.291228030628766,90.41535466734865,44.303729342577206,131.56909362682705,68.4750705194202
domestic-E07000134-North-West-Leicestershire,54.46563184728624,32.07298491367315,71.57666125510654,132.23250221473108,89.50122124464211,259.4730764704784,113.08901867649682,151.13528901979578
domestic-E07000135-Oadby-and-Wigston,53.07728788610087,18.852923720330093,65.39121494388272,20.10294789540097,81.75106363987413,26.26912472505651,104.19114774884586,40.85198665391353
domestic-E07000136-Boston,55.26704609936424,25.779533071909277,71.49886783325043,28.125293338157903,85.32783397795522,32.2774352268347,109.99203810305347,46.59429627198701
domestic-E07000137-East-Lindsey,53.77827941496705,23.326784475140943,65.62592793113717,30.853815667859735,85.5503468587815,42.85445910334634,113.68769201496526,65.42505039120522
domestic-E07000138-Lincoln,52.52454238724053,41.13150542928651,74.37527038692112,38.63915377433457,85.01127819612938,36.0463382257775,95.20963502688097,41.333454042118326
domestic-E07000139-North-Kesteven,60.18081900572153,23.56351858727281,73.15078620071696,29.577001579717557,88.76386206259679,41.2729011355195,121.59220380129739,61.96094078014144
domestic-E07000140-South-Holland,54.251766266076025,31.167403220670796,71.17535538194251,58.93718485252103,88.38169328432262,73.12135582744737,111.78378401430592,63.81663117746128
domestic-E07000141-South-Kesteven,54.31066748207436,23.536938548031156,69.46236427838818,31.013876763970714,85.80151162244343,38.91475700821743,118.67286988525444,63.470691105904734
domestic-E07000142-West-Lindsey,60.564936136789775,24.82533904511659,77.68895186974372,35.80525663529804,89.50882712323354,43.93819666722846,123.33855885105322,68.02003620640275
domestic-E07000143-Breckland,56.85879496779725,64.93097254035602,69.81745255011074,46.6176745995084,88.34831147213862,45.16602070317679,126.85332872697613,67.4285455572329
domestic-E07000144-Broadland,56.16498230096451,23.537401013726377,70.63902670396145,33.72745151293096,87.78718999935855,49.06590082935826,122.05127646708046,81.48004633200699
domestic-E07000145-Great-Yarmouth,49.441456081687626,24.642806008073745,63.78803728577363,30.563865327597913,79.87378409787819,33.86251311847587,97.28556807738646,44.915800861241166
domestic-E07000146-King-s-Lynn-and-West-Norfolk,55.78119819647175,25.702413197037043,73.71908961665667,34.8295184785491,91.1542378569927,45.68577775852857,125.5467172300168,72.74453076828068
domestic-E07000147-North-Norfolk,58.52121712025862,27.74954529461506,71.60643739395928,35.926228259536664,91.5597338563333,49.768820216953664,121.6392306981289,73.03551970300694
domestic-E07000148-Norwich,51.85861136460802,44.51277265231438,63.41664914646669,53.35369890712855,85.32182154847325,63.51571328701936,99.66004624173829,65.3017352037154
domestic-E07000149-South-Norfolk,57.642974410466636,26.899683027428093,72.21663090899672,35.10724213178529,89.60824626157498,48.12516584128553,124.88592148482819,73.64530890959152
domestic-E07000170-Ashfield,55.59026080966634,22.96737100776986,73.08984394345318,23.167208384446656,82.5674443932917,24.803305177721516,98.61922659929648,39.27039529866031
domestic-E07000171-Bassetlaw,53.82613532340607,23.634518736740514,71.4091521332006,29.06115902474101,86.21100135580303,33.11905021184716,113.93608276150115,58.030569198667195
domestic-E07000172-Broxtowe,56.159813203113224,19.928703271779042,69.17383481371951,24.72831582398113,86.37909213900191,28.53404591230112,101.22133509719151,38.78387554692956
domestic-E07000173-Gedling,54.070941069780005,16.84096501154306,66.11662691328617,22.644989835113154,83.73929606159076,28.442070226196392,105.27000281287195,39.09777460233715
domestic-E07000174-Mansfield,55.23666706569059,22.394082752329147,71.21108836517983,35.86519507119361,83.04023042390968,36.26520661287885,97.25015401160347,42.786093208013995
domestic-E07000175-Newark-and-Sherwood,59.25075216831788,26.714809105546866,70.07180822342221,29.811333356540224,84.63901428739153,34.69559159780985,116.7272296580933,57.94853186855566
domestic-E07000176-Rushcliffe,55.256869314882394,23.72246068902276,67.82424027643856,29.390551509349915,94.17736136630063,43.20761212426153,116.01120968442399,58.861090799736274
domestic-E07000177-Cherwell,54.09275133915402,23.472984171282636,64.16809307026566,27.89501355579197,85.64237250528903,37.25458691617167,115.02468435980668,58.365838113259805
domestic-E07000178-Oxford,52.18261903734603,23.82605637104887,68.16237779810871,35.54038118047356,94.97761208321462,45.081784991124536,104.51291124094153,54.270119072440636
domestic-E07000179-South-Oxfordshire,57.77282201736144,28.712664034667355,69.17293224656393,36.58697429220158,90.92412641437211,46.957969346784616,128.331077855169,71.34872883787891
domestic-E07000180-Vale-of-White-Horse,55.83572544502877,24.38367193372992,67.34522591852796,32.09652298617138,95.39608119902755,46.29426399961322,128.93089260222973,69.83474800860452
domestic-E07000181-West-Oxfordshire,58.85970534843882,26.53354592074479,72.9610233086922,38.046778273394764,95.65472203581281,55.992173302820476,127.5994780184808,97.62048313070734
domestic-E07000187-Mendip,52.77290533455901,24.220012092282765,68.06756813559016,35.42248790747828,90.85708446864619,51.607676425734304,123.90166619918331,83.99807890330166
domestic-E07000188-Sedgemoor,53.61649386459839,22.329923491578043,64.78116294990394,28.4697413260814,82.36357288365666,38.04589158156033,109.63924892080063,58.775511203584834
domestic-E07000189-South-Somerset,54.433103948720046,25.525620664180163,68.78807979174972,34.56813975153765,89.66994218775169,46.79144080219724,122.38298937348848,72.80738569066793
domestic-E07000192-Cannock-Chase,49.360686525312424,16.803770215232117,61.33070090915759,20.872976259569413,77.2372213888996,22.053110657630803,97.03323723295587,33.68301877708626
domestic-E07000193-East-Staffordshire,53.31863730636717,57.87509760058683,68.6512342509841,47.52734652409176,85.59548348063751,39.24517549814944,115.73702129003965,64.26372184429887
domestic-E07000194-Lichfield,56.22112860871871,64.7033890293818,67.5781308423422,82.7278836211667,86.6376840266715,38.02036692454277,116.85618941532216,58.260757299525984
domestic-E07000195-Newcastle-under-Lyme,54.141947274055774,21.956314734290224,74.95898519752667,27.325254078810463,85.87513898618899,30.09210201044003,105.64183697785776,49.719855727694906
domestic-E07000196-South-Staffordshire,59.50072110663182,23.376005118420373,71.73231224660307,41.63463933690191,91.42983151773582,65.95009592800906,123.34113985402935,75.5534725168117
domestic-E07000197-Stafford,55.49019984764378,23.23319306876635,70.44709489466086,30.867484806309097,88.7536176051375,38.21627130334605,116.86535341654364,60.09085832473631
domestic-E07000198-Staffordshire-Moorlands,59.575400455825395,23.76741189403384,70.78338530886424,28.665342802466974,85.99973004564357,37.56635672634067,108.18160477655907,54.681672225621156
domestic-E07000199-Tamworth,51.93366040196665,16.0470936604332,63.25613186408652,21.51254054269565,80.3326563798698,22.92793222420643,95.69548779511709,31.21373882785149
domestic-E07000200-Babergh,53.662079653471174,25.18265924158428,69.3077249653102,31.731490168900624,88.26238949751937,43.783723800687035,124.67562230050396,69.59340444897745
domestic-E07000202-Ipswich,52.40907749895394,60.643153758330904,63.42409642847634,55.02824540157782,80.66097101284898,31.767387805399355,92.70695220261328,38.60841633917076
domestic-E07000203-Mid-Suffolk,57.146264246641216,24.799886206071513,70.17089603604724,35.78733853612909,89.48963404575835,48.48370729868295,126.27723866659193,64.88621512268095
domestic-E07000207-Elmbridge,61.464757884686506,29.53241413189485,68.7291532662645,35.11209220295036,115.33606642830738,81.94577557470298,188.76386280560408,122.15081722370034
domestic-E07000208-Epsom-and-Ewell,56.177193901465195,22.786351298546748,65.45349930985407,24.474906202578495,92.00642442609232,35.23477994260272,120.99146656672076,50.84851291463577
domestic-E07000209-Guildford,54.75917050372402,176.81819382628788,70.76051905833694,400.82450996084486,100.14946529679578,540.6536969545875,126.9563439603921,438.67651947342995
domestic-E07000210-Mole-Valley,54.93972816234684,23.827107361784087,66.53757908628143,30.41712022237074,97.580623604133,48.440689414316665,136.91596989117943,67.32952080322576
domestic-E07000211-Reigate-and-Banstead,56.271134550321655,22.112521862604062,64.14331004750916,24.527343936772763,91.79878952324334,40.27035695752612,124.77290724347964,62.97656445425145
domestic-E07000212-Runnymede,54.299723086523485,26.227765163625115,67.97615296555168,37.47829593414744,100.56346244720734,63.67223247942918,141.81269790678536,104.5311139063911
domestic-E07000213-Spelthorne,52.010215281942735,19.729924614498017,60.23414281877925,22.63719447946111,87.60133274111998,32.682679935025504,108.70605229911122,43.949412828290455
domestic-E07000214-Surrey-Heath,58.85897367690906,22.935405137717076,64.8690954688565,29.19917238244029,93.81750808287751,46.10340012980331,134.98024610723502,66.3594005981314
domestic-E07000215-Tandridge,58.981201744105825,24.996345672127603,67.76216147089677,32.15339096057862,97.04478419161923,53.490632619838316,141.94081578601487,86.03380013051644
domestic-E07000216-Waverley,59.5733892117473,24.858765657660687,68.99945010362782,33.40812674880859,95.91011988579403,53.216652255107164,134.9678060331474,76.47600767224078
domestic-E07000217-Woking,54.28711837496581,21.607311342109107,61.52023698263152,24.062962768163242,89.39092734859177,40.78277997369404,132.6129226450723,60.2364404380807
domestic-E07000218-North-Warwickshire,54.22115910805862,22.577187991986754,68.45704282834393,29.543001771135952,87.1120349882375,41.191781648549885,122.29744958471133,67.63183198631562
domestic-E07000219-Nuneaton-and-Bedworth,51.52400390591774,15.694051178422715,66.06616148543081,21.47543914272355,80.40150875905293,22.926789252063926,96.72253000948666,34.66452050696317
domestic-E07000220-Rugby,52.85134296434542,21.34791400867581,65.78844017991901,28.758429970064473,85.26766999419657,37.520094822810236,115.87846865632329,75.83106426193932
domestic-E07000221-Stratford-on-Avon,57.84826061970279,26.10946891405503,69.18175127507801,32.65844172685436,90.5780909251558,46.7848369917128,126.3051175207171,71.94170035148842
domestic-E07000222-Warwick,59.370140871877204,28.441708235812733,70.73369243021628,34.041225105392535,92.58218643130546,45.90630842721785,117.1813091508518,66.07663808764366
domestic-E07000223-Adur,55.545593470387686,17.631210605243563,64.3813169527391,20.677061097679335,84.04056721128572,27.318284266020072,101.53437164766906,42.52553290884522
domestic-E07000224-Arun,50.30381224155939,22.102186275523625,62.88800407911888,36.37380393118506,86.70659550885345,79.95370825886158,118.63148005438138,192.9711755295118
domestic-E07000225-Chichester,57.398564911223296,25.585021701974927,71.88388828760004,34.2352722577421,94.1070668620304,46.64812256518922,126.42708173281318,75.13975881572998
domestic-E07000226-Crawley,53.531085709385984,22.479923558138395,61.35386249525035,30.225570023588258,85.64646125680747,58.0191735133433,103.53019503953038,58.678402326620706
domestic-E07000227-Horsham,53.83653520379109,23.4987085955074,66.14906052494618,33.95021001406671,91.25240346019599,46.236549966842794,132.13255272558348,71.96793289132323
domestic-E07000228-Mid-Sussex,54.348199184854614,23.831825596938007,64.22876388044826,27.730251974977985,90.84629147884905,41.62886838830513,121.46330425577463,60.119877757319074
domestic-E07000229-Worthing,48.499866223403615,22.15895299189996,60.64777288007942,23.787194140054076,85.30690995585438,32.25908631864942,106.95352999112275,44.381485899672874
domestic-E07000234-Bromsgrove,55.32845137076732,20.49932163631009,64.46216052516601,26.79520074551822,86.99999927127635,37.84295970752874,123.2202611166533,58.86170900702195
domestic-E07000235-Malvern-Hills,63.23132501959165,39.350790907651835,74.20073329605863,42.81808935795111,97.70059068975058,53.72585812165846,131.809794741997,80.05220338701355
domestic-E07000236-Redditch,50.214495726822264,17.220349172825774,65.3569121504079,23.75198526279735,82.96438060647256,24.91950075757544,97.89323296256329,41.20220633836571
domestic-E07000237-Worcester,48.52611321303113,21.1105267489173,63.0704099953187,26.650171217560157,83.0399742276954,30.856560095526948,99.0141878777763,42.70131931453591
domestic-E07000238-Wychavon,55.06535447979084,24.031402913055715,66.5272159173146,32.05855822193566,86.64472438877142,43.900539331793766,121.0340128268907,68.09168695143909
domestic-E07000239-Wyre-Forest,53.107473076979055,31.276459799632473,64.82032927376193,30.420667594488645,82.23058338280077,29.879323071425755,99.99805969750165,41.69220921783111
domestic-E07000240-St-Albans,55.01709753579996,23.65724340297099,62.12616124455524,25.703879839179532,89.9029371846065,38.44516066939409,126.43271731205712,58.99969227963176
domestic-E07000241-Welwyn-Hatfield,51.271257824426755,19.66230264288349,64.31438674768414,26.74804424093829,88.92298541029258,33.33879874236843,107.55025678607447,62.24821519690352
domestic-E07000242-East-Hertfordshire,54.55906743771089,22.900182270721366,61.89348949789546,26.919745418922403,84.70923715440283,41.95406117431909,125.9188616122083,73.23061362305982
domestic-E07000243-Stevenage,48.13752498428983,15.876438178565891,58.476514184749256,21.78509237587851,82.51759520794012,21.72080728035006,99.8181881372927,34.34533115746427
domestic-E07000244-East-Suffolk,53.1541557228121,25.564738763373583,67.6769270159669,31.000747692765316,84.19047984127913,38.60394150587539,112.56209791717212,59.89013547772826
domestic-E07000245-West-Suffolk,58.930742606271345,27.518488968337625,75.03391602993797,33.12461867965021,90.01553953522769,41.2428935236723,118.92365785461985,62.351252849247146
domestic-E07000246-Somerset-West-and-Taunton,54.56345015930662,26.562844639387674,69.09646487397525,34.71572849383235,90.12029011978868,51.441437272933165,120.89667534956098,68.72870819806984
domestic-E08000001-Bolton,50.551825718645475,23.827756366407552,71.68403893027771,24.951071475796358,81.08209531057291,28.583603939973,96.28259271776531,46.51564313201464
domestic-E08000002-Bury,58.76455731996682,87.56142710361705,73.56311254293007,58.87696482166766,85.40904348312979,35.39089516563359,102.11894138845363,60.72550393593414
domestic-E08000003-Manchester,55.646619767493235,22.9254393002075,68.29310332147601,31.401313225825277,90.59764562357208,45.26782454755551,96.58515571936073,49.41820677994417
domestic-E08000004-Oldham,52.07999635483455,23.498497053058777,74.89377611529856,36.49349190173987,80.79632292492325,37.42256649528365,90.43065757724712,40.89393168566679
domestic-E08000005-Rochdale,51.43997756729112,20.027051357257427,71.47072554631535,23.68267550360333,78.39393652705277,26.64546122961294,93.8806428311354,47.49555032448505
domestic-E08000006-Salford,53.15922177680273,18.7160248410228,66.45117182109978,26.575186043408255,85.8928948981972,35.89012304737796,96.05690601701559,46.278109069078546
domestic-E08000007-Stockport,55.357216593856904,20.54653264512571,69.15017926950313,31.26554416850717,83.65868055175478,53.98775515339134,102.21276837291035,58.45408079806144
domestic-E08000008-Tameside,53.572346692640366,19.676809779706222,69.90706914588169,23.40555065377002,78.4984597277264,27.156428347927942,90.79577789132526,47.43915812558016
domestic-E08000009-Trafford,58.28703184814433,27.545857018996927,69.30250607970251,31.11849116995937,94.33097955729153,43.415080885706566,114.42564169410038,66.5781725866794
domestic-E08000010-Wigan,52.83520171551089,58.30858049619292,71.823591304049,363.0476028728299,86.19204248966578,759.5114678656689,98.70469408759372,634.7170496448792
domestic-E08000011-Knowsley,57.31723149609054,20.37383676137625,67.75809221314844,25.57648873811612,81.81235253902692,30.79387280019123,95.39777536663165,42.00231661678518
domestic-E08000012-Liverpool,56.169880291519135,27.03213022570167,70.23901039117918,39.10187429102727,88.08608318203683,51.27374184209463,99.26220359157614,54.97608256059758
domestic-E08000013-St-Helens,54.02683451560001,20.757320260181785,70.4526647111531,36.16806729030852,80.13974405905827,52.99671603291459,106.43122388103339,142.76641200601608
domestic-E08000014-Sefton,56.08921460365375,26.98935367278036,67.541964036519,30.067849242941737,90.93013394958295,37.67103941927265,107.23785548236798,59.99150402024557
domestic-E08000015-Wirral,60.31587827026803,25.1956328688709,69.73779626041856,27.441583822924066,87.73180988861877,33.74976048993323,98.495976983824,43.26205055646384
domestic-E08000016-Barnsley,55.92713184183782,20.762799515187897,71.01110952145436,27.47606596277975,79.45587220790877,28.73678354952671,96.24873089727281,43.310480591947695
domestic-E08000017-Doncaster,52.412106693935,23.969859886538565,72.71181123912828,40.867524873484825,84.85033836889973,58.959639396970445,100.6536124692017,93.85124427764589
domestic-E08000018-Rotherham,52.90196972731924,22.054857793136584,71.095521619998,29.430619547586367,82.77024461711727,38.235309883653386,98.43911075047052,49.039337706343744
domestic-E08000019-Sheffield,50.73114267551469,23.934901944847514,69.99051131092742,32.27166803549752,86.88340794824944,37.67805513815413,96.0724887989756,45.458610029896704
domestic-E08000021-Newcastle-upon-Tyne,61.92320093212298,25.812163046534835,73.35062252513514,30.903459818377343,94.66953336523596,41.01578357792819,97.36705478497927,39.88237185834383
domestic-E08000022-North-Tyneside,61.71305811641454,22.09044991534231,67.28240704349183,24.1443750458276,82.67589943458033,31.61000902746607,96.27340963168618,39.66902550532695
domestic-E08000023-South-Tyneside,65.64493403439074,44.46581452907598,72.31308617775439,41.81502499700685,82.15270371759722,36.42353356501015,94.83181229261085,39.76622582045335
domestic-E08000024-Sunderland,58.800460001330926,26.114761755193133,74.01836751875607,31.001120977515065,87.12658210052143,42.255965355222266,101.97758017366652,75.88529930202941
domestic-E08000025-Birmingham,50.715728150810634,27.065705309666438,68.24485338113769,29.448135876226655,88.87867393361354,33.97796001663507,100.89224193981548,52.75676542576418
domestic-E08000026-Coventry,44.45964840820378,22.25902913453519,67.78045249113258,32.42967939647497,83.9197930572184,39.09906030641959,97.25805983600881,48.551534348989804
domestic-E08000027-Dudley,51.177666029578944,19.24253947067048,65.64706857067478,25.28404828161158,82.03504020174903,26.457097609727455,96.4454635892883,33.44916326411467
domestic-E08000028-Sandwell,51.31756428477532,20.02910540086018,67.74168690273368,24.884601110909983,83.36265404922234,24.447938944926396,93.36196521974148,34.039685944050454
domestic-E08000029-Solihull,61.07747242195036,22.35405410517209,66.18387736981818,22.771164598562265,88.10679901654038,33.25806291154336,119.77300754835375,54.87267158126971
domestic-E08000030-Walsall,51.8513821784878,20.92903927083094,65.01528029269585,23.476485849856147,83.84293662245847,24.175150056130853,97.66485792293159,36.64804422896444
domestic-E08000031-Wolverhampton,49.89388272105491,19.12544592350553,67.22808489195405,25.810737574505097,85.78732151101114,27.304636211011445,94.15438246269191,35.354759416165955
domestic-E08000032-Bradford,53.49241454072465,53.856575567226365,72.96073183705927,60.15646178082864,86.1306029744953,46.09661684321814,100.58352636906942,56.92400673443028
domestic-E08000033-Calderdale,61.759805527470476,41.40210179861579,72.25726568969911,39.13232269635517,83.5142436193821,50.34821223409894,100.47130039203181,46.59611252157937
domestic-E08000034-Kirklees,56.4209438759308,29.870144809209755,70.26290876068369,44.582204803239236,82.49005700124914,43.422798708913355,101.72288430373472,53.75065796725857
domestic-E08000035-Leeds,52.71651867784348,27.425059860571558,69.52198647359974,40.133667204362716,86.95474946700446,46.19970310892395,99.35242204551214,50.564802632187295
domestic-E08000036-Wakefield,55.392627646869215,35.189053165293856,70.1106257687431,39.29424986489224,82.00328160593696,36.87092550145284,99.49585501100367,49.487426757443615
domestic-E08000037-Gateshead,63.23598660450541,19.67189696962591,70.1013544552241,23.84459111029295,82.07053873337915,32.62944275747842,94.8125714503434,50.21360470354208
domestic-E09000001-City-of-London,52.11160341114642,21.423025858648586,58.14731424333998,21.051356698913786,78.14437987893547,26.379356915781717,99.26136031851797,42.852199210428545
domestic-E09000002-Barking-and-Dagenham,53.16277065710716,16.74794538687527,67.28754755614615,23.259662353023156,78.58019366122585,23.034412180005557,86.55298813303993,25.61445609118698
domestic-E09000003-Barnet,47.153492788363096,28.577175154975052,63.060162714137256,29.13586617808717,96.01333018612551,47.49338054966414,132.5975459851037,77.63942411994731
domestic-E09000004-Bexley,48.076644691490976,23.823179293842973,61.95263518399523,34.04833671109272,83.26131019266276,31.464062255464256,94.4339604492127,35.80739267215977
domestic-E09000005-Brent,46.38984008980738,24.694314112423577,60.800733882106755,26.831179550458923,95.93035036656525,56.840269348121936,109.17259066206273,62.80699148912672
domestic-E09000006-Bromley,55.20664610761824,22.611004275981184,63.784686277528685,24.51541195820437,89.07073673193874,38.3327061027444,122.63931720435713,60.72169333303397
domestic-E09000007-Camden,48.54326482874376,30.645723661251175,64.36539937813743,33.110195124741395,84.8531605471202,45.892171019573006,129.88899440110436,82.0396792371772
domestic-E09000008-Croydon,50.69801585560105,25.22907070423429,61.84708857304184,30.70199043692851,89.23084411933829,44.78442188685442,113.08857324135704,55.75386101264603
domestic-E09000009-Ealing,48.141654052617746,25.261523288525858,61.932589293997026,25.564574231639195,91.86960730050255,34.80900137645067,109.95983994608429,48.70591747585457
domestic-E09000010-Enfield,50.5846988670339,280.95481650888496,62.641306134628195,292.6828391882901,87.26840168473763,170.116248397489,104.96183871796873,53.11968432762349
domestic-E09000011-Greenwich,55.8524827703889,27.59578130903036,66.87145700775233,26.4476932795028,86.62329667050129,31.4349173776202,100.85368133190198,41.7596907136677
domestic-E09000012-Hackney,49.957048711437736,27.206024870627036,62.73262424963874,26.951062202156518,81.51199945687625,35.827098677431366,110.67225064389473,46.685338816992534
domestic-E09000013-Hammersmith-and-Fulham,52.553662085643346,37.27778279938368,65.68584654097305,44.51023481570834,87.96933777561311,61.72027485047987,120.47996242033244,53.97318191978312
domestic-E09000014-Haringey,46.270879562613345,25.335059306066977,62.571323067783176,28.579832423478127,88.6123022240798,41.1716740294997,109.71019072240463,58.639783397372504
domestic-E09000015-Harrow,52.48710567426879,28.45107918940288,61.84768520883431,31.338697012183765,91.69175465868884,49.66492874380391,111.99913809355348,71.0315320153678
domestic-E09000016-Havering,51.48671305508622,25.88814614881162,61.27206657426704,21.902678391756172,87.42637007398142,27.477790493391357,107.12181006387452,50.18792752409085
domestic-E09000017-Hillingdon,49.39369387835135,40.03397999064001,63.43420653002468,24.633329924620785,87.77645071077559,29.22536930012493,102.67285189167328,43.613759658806394
domestic-E09000018-Hounslow,50.97962499782806,26.63740677194964,63.080840918980684,28.842475224360193,91.59624389624628,37.282789190795185,103.48829745585796,42.029283042683836
domestic-E09000019-Islington,51.2911191777632,26.821509702826994,60.971762371845415,27.160158805774056,80.53899955039313,37.063966044197954,111.98271621015257,46.789031524325495
domestic-E09000020-Kensington-and-Chelsea,55.57567579454356,48.52970976208246,73.2319142891829,51.69574563917796,99.45727863033794,66.28558001495539,156.2534025340848,103.5811440307922
domestic-E09000021-Kingston-upon-Thames,52.72987040292738,23.103754470057005,63.212888765977475,26.62085119785224,92.51480055906632,46.7248331865327,114.83943733293385,62.0881115945785
domestic-E09000022-Lambeth,53.163374936959165,29.51623247697437,62.16785394604013,30.125050093777556,81.8809808530778,41.77606549683139,111.84814732633082,55.24038204265147
domestic-E09000023-Lewisham,48.935735520887896,24.667313904247738,61.17657950422447,25.73410299138066,85.09466490049253,34.15362613339889,102.32555210017391,38.74129311991303
domestic-E09000024-Merton,53.19758810885063,22.681421578966898,62.260605559944985,28.08419584336684,90.76958153208082,48.192961259726154,118.34980647142652,73.10446557716212
domestic-E09000025-Newham,55.27771395756736,25.613220311387323,67.7486374247728,66.6283586871942,85.67756024836653,100.74688295772934,93.51334506728018,107.5240493106367
domestic-E09000026-Redbridge,52.5950330967005,19.899165132459725,60.515235900055885,24.434215224174412,95.46821285068401,33.35500361999795,108.43098038596764,38.92581223909482
domestic-E09000027-Richmond-upon-Thames,57.5601813193048,26.475461849997075,67.61644852371381,31.324881565316062,96.7830263438269,50.94947028982738,127.05572983545444,70.88752245470599
domestic-E09000028-Southwark,56.236261641429934,26.962291164009233,62.49473203940563,27.268390545071423,78.54486800382465,31.516448254062162,102.7012851346595,40.710383981009194
domestic-E09000029-Sutton,51.6777231723947,20.330589184685884,60.34856416386175,20.198406855525974,83.85268745268569,31.0200465350812,114.024988692834,48.66294627467692
domestic-E09000030-Tower-Hamlets,58.07881899936688,25.21172645252116,64.34308943271125,24.9061866207854,79.05641166176432,27.09035390757309,95.48276403234833,32.37312860336937
domestic-E09000031-Waltham-Forest,49.18267500966618,27.06508928651808,60.548707073714546,26.211325062813653,89.07374059632915,39.6097350474802,99.33176844797471,43.01756992642759
domestic-E09000032-Wandsworth,59.26851233190477,38.50825836607252,66.52167606792463,40.668883611828726,86.24329764973373,48.51522751559223,115.32858639452941,62.7222929863948
domestic-E09000033-Westminster,56.333759047528496,36.806386501930355,68.86429179687703,42.727132272358475,90.39569606499128,54.35532700259127,137.686632344485,90.71571207486869
domestic-W06000001-Isle-of-Anglesey,59.86416560669727,29.243383003114314,72.59972730508703,31.025113617814164,82.71324992641301,29.581351837272443,92.31883239238726,30.993665318768794
domestic-W06000002-Gwynedd,57.60956949197051,35.35521899852183,73.4241986563725,37.74543319467829,88.01478697904078,41.11065460551894,106.034050667184,52.66406287007008
domestic-W06000003-Conwy,58.60950848977996,25.566855804059813,67.54916627144345,29.705173539331696,88.09218219129217,40.014173693894,107.8027464284749,50.31678413506888
domestic-W06000004-Denbighshire,56.15008342400592,31.244857244560087,68.91479821769221,33.40108484579528,90.02684216501781,41.38206723272655,111.80920414001245,55.6811460660145
domestic-W06000005-Flintshire,54.30407886135778,69.51710900645848,70.14905794901561,55.05759093797954,85.40215047201022,44.383637056755646,115.57209074217161,76.64339908025556
domestic-W06000006-Wrexham,55.978162665244824,23.289287431231838,71.82192375208449,29.335662493718385,86.67743544870707,37.0361892092521,114.32984465229512,61.14259492958891
domestic-W06000008-Ceredigion,56.988879008136976,33.89200477999488,75.262995032665,39.22413994066441,98.42926050708343,41.996838153389426,111.50445945312147,45.56270247373011
domestic-W06000009-Pembrokeshire,58.584078076689686,25.873902187355558,74.88994598765251,36.77176762020177,94.68823853299116,42.22576486885754,119.26609305286057,58.49293871017944
domestic-W06000010-Carmarthenshire,58.927741464207706,25.653670158521525,78.84593915935679,37.005643260524835,92.85911442730513,37.826607295177055,115.29034212756034,56.07392981802384
domestic-W06000011-Swansea,54.40553378278936,24.23890466144731,76.10319560828421,33.58534911054737,91.65674412636544,35.68987732598562,106.37956584108977,46.319901146280095
domestic-W06000012-Neath-Port-Talbot,49.42002565885328,22.118612264866428,68.95220451150257,28.01646865431838,86.46460542494043,27.03316342492737,99.21743311249008,49.853606524662894
domestic-W06000013-Bridgend,56.945312962323555,22.628756707427566,68.21236419013074,24.906979965356573,82.16294086761376,29.696177672251228,101.53677966997601,58.32584088513008
domestic-W06000014-Vale-of-Glamorgan,58.15809285804674,24.716341420884014,69.2077206580185,36.674929598947905,88.79443567392134,48.48510241230269,110.69294276218673,61.17547415406339
domestic-W06000015-Cardiff,53.59687387387745,37.781069204610894,63.77623783566723,41.36304081789801,93.35160104726067,40.826636806967045,102.91119237282012,44.24699678899058
domestic-W06000016-Rhondda-Cynon-Taf,53.44362387803876,21.225653959924035,71.37716836254656,25.908787054717987,80.1329442822319,25.159417522340025,91.26408790165141,34.50365751370909
domestic-W06000018-Caerphilly,55.12409666885723,20.189620153720508,67.89331844205644,24.973916586316548,81.40922488614243,24.961736879216247,99.50254768432112,45.41926804747898
domestic-W06000019-Blaenau-Gwent,58.03338446950439,22.708015543661013,72.13141476792349,24.861916950313354,81.51371941134836,24.779115809030895,98.33469118729538,46.3198333788068
domestic-W06000020-Torfaen,57.788382011953566,30.02973197311972,72.07608631794709,28.416222196878696,84.90892846255896,25.509600338233508,108.22955123167755,47.04611729299
domestic-W06000021-Monmouthshire,59.548218012778776,26.686254415903818,72.3882497829754,36.23636033452897,92.39015930943442,46.34854027360515,130.17870003854725,69.74434857489848
domestic-W06000022-Newport,51.17371402298324,22.244073370014714,64.17217426038589,27.965618117945095,88.45244723368366,31.825694064048385,106.81822028242155,52.70088135378747
domestic-W06000023-Powys,58.582354144173635,29.541505361457983,75.4163360244809,40.63093063258271,96.53177305323493,50.48365840518392,125.62417742144147,68.82672778502581
domestic-W06000024-Merthyr-Tydfil,53.329995605962345,25.98534584568237,71.71843563747059,23.91268111296307,80.47373920644604,21.602029469537147,97.7313400501568,38.023618846839014
