Area code,Area name,cpm2_1,cpm2_2,cpm2_3,cpm2_4plus,cpm2_overall
E07000223,Adur,17.337108847588276,19.44663544113373,18.395877744532754,19.825798567850917,18.751355150276417
E07000032,Amber Valley,9.91503872545626,10.139328128025754,10.673620466364985,11.976091944586038,10.67601981610826
E07000224,Arun,16.300951428141314,17.539116023022846,15.5466835260803,16.26043946442997,16.41179761041861
E07000170,Ashfield,9.552032896878707,9.39939070784589,9.725382757095977,11.590032080094955,10.066709610478883
E07000105,Ashford,14.764203992463083,15.974893740251918,15.766504435834575,17.073122355158755,15.894681130927083
E07000200,Babergh,12.876877013753644,12.740282565066995,12.134273795409774,12.456324430904585,12.55193945128375
E09000002,Barking and Dagenham,25.205608801746298,24.81885669271148,23.364666265844864,28.306359524342753,25.42387282116135
E09000003,Barnet,30.58097957816325,28.40144907520959,22.569782714537528,23.296057080475872,26.212067112096562
E08000038,Barnsley,8.385911892037198,8.195900668530777,8.759579130650113,10.545593594198342,8.971746321354107
E07000066,Basildon,17.59065017114972,18.735122977500733,17.40159690885832,18.995997390908826,18.1808418621044
E07000084,Basingstoke and Deane,16.877341145614057,18.892701189614563,16.20450754204967,16.129493498054288,17.026010843833145
E07000171,Bassetlaw,9.121962724054066,8.976440426072175,9.03596974572856,9.777411799665796,9.227946173880149
E06000022,Bath and North East Somerset,19.366036102071266,19.350189968100146,17.582262586540764,20.994935338044897,19.32335599868927
E06000055,Bedford,15.9236611873931,16.29227749807089,14.209407187749399,15.603423784793481,15.507192414501716
E09000004,Bexley,25.084945252293124,24.22818650961544,22.015027096721443,25.351049438273968,24.16980207422599
E08000025,Birmingham,15.853070227231843,14.242832270025108,12.28641193291938,15.194428932548346,14.39418584068117
E07000129,Blaby,12.138836567574458,12.727880165950703,12.361958926890145,14.439295214646751,12.916992718765513
E06000008,Blackburn with Darwen,9.7032414134078,7.882878584787423,8.536440817454805,10.650900935532304,9.193365437795583
E06000009,Blackpool,10.09331181116294,9.407024358859639,8.141304421609611,10.105526024455072,9.436791654021816
W06000019,Blaenau Gwent,8.047092277470066,7.791334771516485,7.851439053717122,8.62360973285448,8.078368958889538
E07000033,Bolsover,8.255557785412691,8.051061322883527,8.50071790559111,10.582537871503447,8.847468721347694
E08000001,Bolton,11.651409056483471,10.211478188498386,10.951863005003116,13.647326717216151,11.61551924180028
E07000136,Boston,10.765909198951102,10.517649059196483,10.664749795888433,11.628114380439813,10.894105608618958
E06000058,"Bournemouth, Christchurch and Poole",17.18601839450638,17.853084421899684,15.769186765510534,18.07210676938803,17.220099087826156
E06000036,Bracknell Forest,19.103972074247444,21.41171401947493,19.184758037601696,19.925112486403467,19.906389154431885
E08000032,Bradford,9.982723804577134,9.0048438859859,9.114065998498251,10.796996677320287,9.724657591595392
E07000067,Braintree,15.517468682560361,16.667834627941208,15.751215156267861,16.152822810100115,16.022335319217387
E07000143,Breckland,11.29112919757806,11.701945146360172,11.432023806346452,11.674900571095984,11.524999680345166
E09000005,Brent,26.632263286382415,29.272689853391096,24.699334871724666,23.359083168549635,25.99084279501195
E07000068,Brentwood,18.484099939384432,20.944316554744525,18.518933224381477,18.260439433753252,19.05194728806592
W06000013,Bridgend,9.131568042202963,9.48508393869173,9.140373896913692,10.488810098779567,9.561458994146989
E06000043,Brighton and Hove,23.995420372192115,23.546888193168016,20.026090956474466,24.15739218721109,22.93144792726142
E06000023,"Bristol, City of",20.681174566732935,21.78649769195041,16.908496215469853,22.797838301443498,20.543501693899174
E07000144,Broadland,11.768898928125342,12.08963429775155,11.75570148682901,12.232563584885492,11.961699574397848
E09000006,Bromley,23.058817909685196,25.0373576041656,21.656944477796202,23.32857084675904,23.270422709601508
E07000234,Bromsgrove,12.6336447647135,13.620393620800671,12.264367918819941,12.838797659277088,12.8393009909028
E07000095,Broxbourne,21.11745430848821,23.794052291492577,20.68431535698207,21.517260354398505,21.77827057784034
E07000172,Broxtowe,11.716563187634032,12.258970494893148,11.73895180986926,13.939748953569667,12.413558611491526
E06000060,Buckinghamshire,17.927032672819017,19.33489215870891,16.34567586437522,15.96379609611108,17.392849198003557
E07000117,Burnley,8.441047363838825,7.537300200618781,8.576275796992766,10.71257248426108,8.816798961427864
E08000002,Bury,13.242476635873748,13.590241968755182,12.316612087657226,12.582258780211605,12.93289736812444
W06000018,Caerphilly,9.215570516314664,9.308721601807996,8.721370348298906,10.220843824285833,9.36662657267685
E08000033,Calderdale,8.630208522319974,9.217066182106361,9.495386243502534,10.958353238228003,9.575253546539217
E07000008,Cambridge,23.537754649479808,23.882052151164064,20.519752595239627,25.060872075626698,23.250107867877546
E09000007,Camden,41.653564240753745,40.161329300755185,35.52018546588234,30.433679298439394,36.942189576457665
E07000192,Cannock Chase,11.1424706323312,11.918989823428722,11.652412966390663,13.067687280759328,11.945390175727479
E07000106,Canterbury,15.025792468098759,15.368543855700178,14.804797623579296,17.69432046001653,15.723363601848693
W06000015,Cardiff,16.344236831076692,16.416772696718386,12.372578370833335,16.023524380381364,15.289278069752445
W06000010,Carmarthenshire,7.907990165939842,7.660508663347214,7.409073457604442,8.1533282203288,7.782725126805074
E07000069,Castle Point,15.817808923007314,18.491244543455366,15.950830151961627,17.698030510902438,16.989478532331685
E06000056,Central Bedfordshire,16.063078543997758,17.077425636318168,16.1587216795646,17.388849080724047,16.672018735151145
W06000008,Ceredigion,9.352701953023102,8.370647483887305,7.396174635972295,9.344917728945862,8.61611045045714
E07000130,Charnwood,12.1750968786742,11.214457688154459,11.24151676972238,13.260434744806123,11.972876520339291
E07000070,Chelmsford,19.9151435309939,21.4464758651424,17.676665968895456,19.38917838004628,19.606865936269507
E07000078,Cheltenham,15.312026923270356,16.108527361822087,14.608692199037893,16.734499680168103,15.69093654107461
E07000177,Cherwell,17.56242706242898,18.52945822619375,16.755724509049283,18.848128226271132,17.923934505985788
E06000049,Cheshire East,11.360030837510358,11.738317323531744,11.636199683066316,11.822353669939702,11.63922537851203
E06000050,Cheshire West and Chester,12.341415293382664,12.175981133474851,11.771619857717804,12.587298448242098,12.219078683204355
E07000034,Chesterfield,9.950053775678258,9.808715933168854,10.170890281363167,11.966534471081692,10.474048615322992
E07000225,Chichester,15.95858714267074,16.471006621997656,15.492991638317259,16.357254882861593,16.06996007146181
E07000118,Chorley,11.049021154013356,10.595836269568212,10.106144997574349,11.679286372586498,10.857572198435603
E07000071,Colchester,15.435938320660096,16.78212438380553,15.382006034126528,17.497438863465074,16.274376900514305
W06000003,Conwy,9.793632719170326,10.629294773450608,9.51276241721749,11.252032440609504,10.296930587611982
E06000052,Cornwall,12.165263584049313,12.439173259907175,12.005973603315153,13.168339402445714,12.44468746242934
E07000079,Cotswold,13.184639219721488,13.374343464817048,12.71788066946275,14.06970789557369,13.336642812393745
E06000047,County Durham,7.1820462638359786,6.823972944240195,7.5172679925142445,8.856404376514723,7.594922894276285
E08000026,Coventry,16.666798468502265,13.145382883310873,12.3808694248279,14.672305847002594,14.216339155910909
E07000226,Crawley,19.241156542046426,21.85681463989023,18.517986344402985,21.26915726527147,20.22127869790278
E09000008,Croydon,24.123232031079272,24.625249710846557,20.071534878732038,22.946615432681007,22.941658013334717
E06000063,Cumberland,7.5567100761891846,7.875496042700664,7.919716140829133,8.519757227601708,7.967919871830173
E07000096,Dacorum,19.595787879256772,22.446682582964627,19.397205736551978,19.501450246905044,20.23528161141961
E06000005,Darlington,8.518395218009086,7.9146457387832125,8.592772803519836,10.448687906930672,8.868625416810701
E07000107,Dartford,21.413100100763067,22.744686265252735,20.607877348244386,23.231970036580684,21.999408437710215
W06000004,Denbighshire,9.154038046900727,9.620575219645508,8.43081887298418,9.399941696069057,9.151343458899866
E06000015,Derby,11.78979142631314,10.773436855167194,10.832189027033236,13.093964435907933,11.622345436105377
E07000035,Derbyshire Dales,8.22654894830009,9.070400568794193,8.782097303071975,10.069610080298634,9.037164225116223
E08000017,Doncaster,8.852916420810326,8.224248437896144,8.367674350491889,10.143699515130752,8.897134681082278
E06000059,Dorset,12.087173038444277,13.139019146279862,12.10371741657315,12.880626679754817,12.552634070263027
E07000108,Dover,11.559203871501921,12.566584532672422,12.860859818527233,14.779557289806199,12.941551378126944
E08000027,Dudley,11.489386789545192,11.455195431771742,11.044061144748285,12.566687482174233,11.638832712059862
E09000009,Ealing,32.674407038045395,31.74419190948568,25.264067934981835,29.083345351976224,29.691503058622285
E07000009,East Cambridgeshire,12.141154278921487,12.712695048829213,12.52395716983762,12.87468466226057,12.563122789962224
E07000040,East Devon,10.846365589448025,11.859740802288707,11.70780878854684,12.336606858263528,11.687630509636776
E07000085,East Hampshire,16.72564161180823,17.54984915132411,15.833293161128742,14.87743575027681,16.246554918634473
E07000242,East Hertfordshire,19.17188194600649,21.56931223025313,19.029801874637883,18.909001951850183,19.66999950068692
E07000137,East Lindsey,9.055700652714874,9.477961220642538,8.930413821245397,9.473320998180078,9.23434917319572
E06000011,East Riding of Yorkshire,8.675151581100327,8.853990533502968,8.614902271049335,9.446179272125992,8.897555914444656
E07000193,East Staffordshire,10.821731933705967,10.618891385620644,10.351013441035372,11.482929016027597,10.818641444097395
E07000244,East Suffolk,10.798779365310418,11.141167798917792,10.61877782007445,11.44257280055107,11.000324446213432
E07000061,Eastbourne,15.42007301965837,16.049174394684755,15.217617487924635,17.993502274173384,16.170091794110284
E07000086,Eastleigh,16.083710688371482,17.759834295298933,16.063369103917402,16.40590390735992,16.578204498736934
E07000207,Elmbridge,20.01146742182882,22.56684283583781,16.343543337085382,15.092931229819154,18.50369620614279
E09000010,Enfield,26.54953039317655,26.723580705712816,22.688624539645744,25.485452929113553,25.361797141912167
E07000072,Epping Forest,20.862454305987928,22.587065372542,18.93398835739196,19.493283447734182,20.469197870914016
E07000208,Epsom and Ewell,20.84475778647709,22.412858219470966,20.07468512683778,21.41473339833593,21.18675863278044
E07000036,Erewash,11.222122130651258,11.39282417885673,11.600696198354054,13.49036892262374,11.926502857621445
E07000041,Exeter,17.073136765267712,15.902769361159548,14.310984562834994,18.441496041497228,16.43209668268987
E07000087,Fareham,14.865807596862442,16.820694319311446,16.149547659856296,17.457199264034312,16.323312210016123
E07000010,Fenland,11.316448370737495,11.483197179511832,11.210794382313203,12.169919070811913,11.545089750843612
W06000005,Flintshire,10.201811937817817,10.092794125825252,9.730434133182076,10.781149601071824,10.201547449474242
E07000112,Folkestone and Hythe,12.290166938074172,13.436175303402923,13.49068113497363,14.466923583739536,13.420986740047566
E07000080,Forest of Dean,10.44115870758632,11.089688695303435,10.680114339114327,12.530404644729254,11.185341596683333
E07000119,Fylde,10.271450272765442,11.652606789987868,9.838176618771717,11.74048120088119,10.875678720601554
E08000037,Gateshead,8.824089414305806,9.728770653577236,9.686789099590293,12.023721987089626,10.06584278864074
E07000173,Gedling,11.189004445460478,11.555338432524811,11.24919893411993,12.900161144803823,11.723425739227261
E07000081,Gloucester,13.160150139879258,14.63738369302821,13.703956617355662,14.468892722562424,13.99259579320639
E07000088,Gosport,13.409136140076992,14.986858589316247,14.185306072605755,14.1830728105803,14.191093403144823
E07000109,Gravesham,16.60767967430707,17.62439846330505,16.32091328368606,19.59786865231769,17.53771501840397
E07000145,Great Yarmouth,11.043364076856754,11.161967514538878,10.804546319509171,12.653469824227091,11.415836933782973
E09000011,Greenwich,26.301427029467956,27.18648705065962,24.242900936776913,28.040622440873147,26.44285936444441
E07000209,Guildford,20.38014801418703,20.534049486015025,17.55376321571081,18.919889507446566,19.346962555839855
W06000002,Gwynedd,9.02627817887923,8.539419039959554,8.464486770585596,9.364916210895252,8.848775050079908
E09000012,Hackney,38.533100926742065,38.20978364401524,33.5778783275707,32.10380180513663,35.606141175866156
E06000006,Halton,9.707139903749384,9.716660435494122,9.378130458933517,10.84284869528592,9.911194873365737
E09000013,Hammersmith and Fulham,36.83853651996743,38.72980457689804,32.96603195305557,33.93925361409253,35.618406666003395
E07000131,Harborough,11.880016104981747,12.493798877449446,12.073528990482835,12.464392098883843,12.227934017949467
E09000014,Haringey,34.751878831783785,31.947542452226784,26.012189528392952,28.63908976286513,30.33767514381716
E07000073,Harlow,19.136532753372222,19.91756733490482,18.449956935305053,22.230168748588373,19.933556443042615
E09000015,Harrow,25.739655152337967,26.90480645122535,21.70315103476346,24.21447205901399,24.64052117433519
E07000089,Hart,12.901586586699073,15.417948600659576,18.243709253093602,22.63367557043312,17.299230002721345
E06000001,Hartlepool,5.233539664836557,6.19645402621445,7.223699619457154,8.195645869365018,6.712334794968294
E07000062,Hastings,11.91144072177841,13.787015796456824,13.212611540256667,15.36003520607253,13.567775816141108
E07000090,Havant,15.710987308956547,16.316667770013993,15.776228009408523,17.130476118578244,16.233589801739328
E09000016,Havering,23.07391421023411,24.61154134848991,20.577315499633134,22.861824296468775,22.781148838706486
E06000019,"Herefordshire, County of",10.134568434526827,10.319443251979266,9.846039333895524,10.33207410342462,10.15803128095656
E07000098,Hertsmere,22.28212712684279,23.59677747324974,20.591996010710467,21.110110005053617,21.895252653964153
E07000037,High Peak,9.923890887765257,10.633854812838878,10.755520689453567,12.444228197068142,10.939373646781462
E09000017,Hillingdon,24.71975477288912,24.41900174579826,21.20158635864665,25.147835600438786,23.8720446194432
E07000132,Hinckley and Bosworth,11.436285133836817,12.131205981499242,11.86395446891285,12.09394203198305,11.88134690405799
E07000227,Horsham,18.221826428587097,19.62234973103658,17.85158459646013,17.762466187074384,18.364556735789545
E09000018,Hounslow,29.992374405758017,29.86643761486563,23.570835529517584,28.93080738212999,28.090113733067803
E07000011,Huntingdonshire,13.120219989098114,14.521833143566111,13.226619943397653,13.82408879433892,13.673190467600199
E07000120,Hyndburn,8.471961727285445,7.336482134165541,8.263412935696367,9.6854944797001,8.439337819211865
E07000202,Ipswich,13.604513455025632,13.827552135314962,12.385172003952981,15.295508765091606,13.778186589846294
W06000001,Isle of Anglesey,8.786558614309895,9.104717394078753,9.18837067430121,11.33029927798626,9.602486490169028
E06000046,Isle of Wight,11.046437276799773,12.444901412755497,12.227223283134954,13.519028067570414,12.30939751006516
E09000019,Islington,39.65598787093385,41.46181612042988,34.93959467722571,35.59477868459331,37.91304433829569
E09000020,Kensington and Chelsea,46.045324027373205,45.48563331072206,39.7859267264626,35.493627083033964,41.702627786897956
E07000146,King's Lynn and West Norfolk,11.150710635673338,11.014786050973292,11.04720991227892,11.605241715166471,11.204487078523005
E06000010,"Kingston upon Hull, City of",8.954821217533025,8.141220779086224,8.543969845028604,9.795588319435799,8.858900040270914
E09000021,Kingston upon Thames,26.37973485181895,28.063897009478303,23.423279160791935,25.078492779884677,25.736350950493467
E08000034,Kirklees,9.12781610198654,8.952091666776585,9.27384496762338,10.78420069887582,9.534488358815581
E08000011,Knowsley,9.35146353041422,10.094735221415663,10.10849797535765,12.495050282031412,10.512436752304737
E09000022,Lambeth,33.83908568884583,36.079739891726966,31.325955957983435,31.936157061039623,33.29523464989896
E07000121,Lancaster,10.288236581089059,10.021658780307112,9.657076879423832,11.406268157384323,10.343310099551083
E08000035,Leeds,14.24600900885441,13.448982795608936,12.500754779501367,16.456569113645024,14.163078924402434
E06000016,Leicester,14.330170427905268,12.325917460892835,11.784737631766312,15.267539803943272,13.427091331126922
E07000063,Lewes,15.91833237900477,16.849985662914598,15.710070594693583,17.20976477842535,16.422038353759575
E09000023,Lewisham,29.017649063308394,28.556679928131043,23.503236099921747,25.936825607369375,26.753597674682638
E07000194,Lichfield,12.166244558347875,13.214334117694714,12.338741645851329,13.520892713559858,12.810053258863444
E07000138,Lincoln,11.598289552343642,10.889111690408198,10.943684809668383,13.189411187544113,11.655124309991084
E08000012,Liverpool,11.518628785429119,11.23307397991309,10.262688126702294,12.341051837216712,11.338860682315303
E06000032,Luton,20.420122213569066,17.90422786420364,15.834818565897104,19.24165510075021,18.350205936105006
E07000110,Maidstone,17.653621163604782,17.881975139171335,16.421956355884927,16.803457520095858,17.190252544689226
E07000074,Maldon,14.379493942807965,15.13770249963681,14.386819023858033,15.362276889447003,14.816573088937453
E07000235,Malvern Hills,10.089935641904097,10.84894938690262,10.163705183249952,10.363418004510159,10.366502054141707
E08000003,Manchester,17.341574457389026,17.3809644351998,15.12180576625876,20.158377190561588,17.500680462352292
E07000174,Mansfield,9.558867832703815,9.506946397564588,9.754308193330562,11.516691272965657,10.084203424141155
E06000035,Medway,17.01222185386497,17.062985531141127,16.3932104780329,18.945612939801027,17.353507700710004
E07000133,Melton,9.475518926191103,9.400251107903081,9.224096980744127,9.713527430878456,9.453348611429192
W06000024,Merthyr Tydfil,10.519408329695787,8.979560056989456,9.058855810463026,11.357666838808674,9.978872758989235
E09000024,Merton,29.155457138891524,30.773873507466302,25.04142865522246,26.370976793726406,27.83543402382667
E07000042,Mid Devon,10.946009906394472,11.002383304382144,10.941274257128109,11.4720690047674,11.09043411816803
E07000203,Mid Suffolk,11.829294686392943,12.38405163806928,11.811423873512867,11.910301617942332,11.983767953979354
E07000228,Mid Sussex,17.903077095352025,19.414977412940633,17.204885026747622,17.676120480625954,18.04976500391656
E06000002,Middlesbrough,9.027960268243586,8.117884562914856,8.634357057059646,10.214752885718758,8.998738693484212
E06000042,Milton Keynes,16.93773658001284,18.13759909939262,16.965476628978628,19.272698845403458,17.828377788446886
E07000210,Mole Valley,20.294967545255705,21.49161450773063,18.640995853637452,18.609954719125504,19.759383156437323
W06000021,Monmouthshire,11.906317664247346,12.377699456559116,11.180844450546534,11.322896906817578,11.696939619542643
W06000012,Neath Port Talbot,9.469845346309747,8.58565732878407,7.806662583870399,9.272564015609317,8.783682318643383
E07000091,New Forest,15.233734485555326,16.34610497696347,15.156011579636068,16.04885786622975,15.696177227096154
E07000175,Newark and Sherwood,8.978788969441421,10.032565418584634,10.007205390223637,10.820097450264724,9.959664307128605
E08000021,Newcastle upon Tyne,11.901839519049757,12.419799159684386,11.397542183261933,17.233755336500778,13.238234049624214
E07000195,Newcastle-under-Lyme,9.807552678373083,9.111649500059348,9.560392095924744,11.491659315375697,9.992813397433219
E09000025,Newham,28.709580884951635,28.620501809398608,24.96569689658945,27.728662664504306,27.506110563861
W06000022,Newport,13.288072069472953,13.120951716292007,10.559346057802713,12.479144442545667,12.361878571528335
E07000043,North Devon,10.359470336265769,10.946558471641833,10.684914341659566,11.59318120450282,10.896031088517496
E07000038,North East Derbyshire,9.919171720195454,9.667822064989071,9.908878269761086,10.477602331974301,9.993368596729978
E06000012,North East Lincolnshire,7.793755081351938,7.471563294562169,7.350062486408521,9.063284859081044,7.919666430350918
E07000099,North Hertfordshire,18.316779157175308,19.996240032322785,17.84445936917291,17.569052006718618,18.431632641347406
E07000139,North Kesteven,9.056041592723847,9.746990251664743,9.790020170451532,10.198022251709276,9.69776856663735
E06000013,North Lincolnshire,7.870151186900438,8.273728610851094,8.219495275075829,8.74403681261005,8.276852971359352
E07000147,North Norfolk,10.115989193858786,10.739257921311873,10.408505571841829,10.679120482303261,10.485718292328936
E06000061,North Northamptonshire,11.952575354793789,12.048866822936615,11.807027900672855,13.028792938085378,12.209315754122159
E06000024,North Somerset,14.220563540691371,16.133781813862893,15.251122433611968,16.59607699514763,15.550386195828466
E08000022,North Tyneside,8.847398211413122,10.180967508448548,10.148060144950497,11.882824181428791,10.26481251156024
E07000218,North Warwickshire,12.54122949759912,12.138999373427989,11.456511148370684,12.46142094683975,12.149540241559386
E07000134,North West Leicestershire,10.538755918767508,10.366507559711902,10.033382645644712,11.47768382103542,10.604082486289887
E06000065,North Yorkshire,9.499040025222525,10.238412880271746,9.732917417695264,10.841278270403816,10.077912148398337
E06000057,Northumberland,7.4083827808228335,7.733607486985898,7.492962998838823,7.883308680900814,7.629565486887092
E07000148,Norwich,14.886630777137766,15.201055447971585,13.19709283703342,15.82379358097811,14.777143160780222
E06000018,Nottingham,14.585938862433245,12.43244055781529,11.609009214197782,14.712207268649248,13.334898975773893
E07000219,Nuneaton and Bedworth,12.033226321698779,12.003119027505113,11.940074444086939,14.495071622531897,12.617872853955681
E07000135,Oadby and Wigston,13.282517402035824,13.059858281160302,13.186372776123793,14.492593973912975,13.505335608308222
E08000004,Oldham,12.01997011933141,10.42810284792764,11.733207226285423,14.430946705051337,12.153056724648952
E07000178,Oxford,24.682548016192992,23.32665102601684,20.383751049708156,26.29340210095983,23.671588048219455
W06000009,Pembrokeshire,8.364047298970274,8.145285618186637,7.614462061714138,8.351074261806811,8.118717310169465
E07000122,Pendle,7.639438266058434,7.602464677151778,8.261071698327845,10.66197658937376,8.541237807727954
E06000031,Peterborough,12.261962621078286,12.33803795054315,11.879308828717816,14.346998101269827,12.70657687540227
E06000026,Plymouth,12.51698903531622,11.498434760222978,10.717699221723588,13.436824525483981,12.042486885686692
E06000044,Portsmouth,15.76651465539776,16.232646719667173,14.825078495272349,19.5141982813922,16.58460953793237
W06000023,Powys,7.203534343489171,7.001135666795134,6.609222847778406,6.981140239094724,6.948758274289359
E07000123,Preston,10.768308164149685,9.84283654789104,9.421224888054494,12.2778599824669,10.57755739564053
E06000038,Reading,22.483454618150667,22.09151833609567,18.480756193739087,21.994995388939362,21.262681134231194
E09000026,Redbridge,25.3445985583689,27.183237006905244,20.1847289528076,24.51328938038431,24.306463474616514
E06000003,Redcar and Cleveland,8.26316443616162,8.466157527451928,8.479048835050014,10.502174138042045,8.927636234176402
E07000236,Redditch,12.187715741076296,12.13337616341244,11.390430364115499,13.351280373995086,12.26570066064983
E07000211,Reigate and Banstead,19.850319509749692,22.68358148218921,19.390233893545037,20.244779542331322,20.542228606953817
W06000016,Rhondda Cynon Taf,9.655033894736254,9.218634124820081,9.197216033947939,10.781897048709725,9.713195275553499
E07000124,Ribble Valley,9.537507587194202,9.17550519472206,9.058941906853747,9.557643355745075,9.33239951112877
E09000027,Richmond upon Thames,28.683022918940665,31.368107114589765,26.43025431869187,29.616924831909063,29.024577296032838
E08000005,Rochdale,11.080875749884521,10.241955631549315,11.238114056129556,13.591726276258688,11.53816792845552
E07000075,Rochford,15.87902595965615,17.019533580244612,16.253334527660158,16.2476573745318,16.34988786052318
E07000125,Rossendale,9.386567572659928,9.347487603667332,10.220806516005474,10.798029133662373,9.938222706498777
E07000064,Rother,13.025684610595388,14.335248919316271,14.226405014964909,15.61041336674203,14.299437977904649
E08000018,Rotherham,8.827648618891319,8.27056313255328,8.602125115053182,10.544589361754658,9.06123155706311
E07000220,Rugby,13.509590484421159,13.406610608001891,12.43144089749544,13.600455876528367,13.237024466611715
E07000212,Runnymede,20.202681296403547,20.786701488036062,16.845084275904846,17.269257521704773,18.77593114551231
E07000176,Rushcliffe,12.668108213135197,12.812528329961724,11.648234608455892,13.136661570425954,12.566383180494693
E07000092,Rushmoor,17.649534619613934,20.073189667239557,16.725051143526205,21.137624313874383,18.89634993606352
E06000017,Rutland,9.819401543924473,10.452611176407109,10.066849371245377,11.5132003891816,10.463015620189639
E08000006,Salford,16.140191133768784,15.740881181389053,14.401656871224668,17.89564198221724,16.044592792149935
E08000028,Sandwell,12.237525470130553,11.573375802195475,11.180066309425452,13.945721867952827,12.234172362426076
E08000014,Sefton,10.483298868686541,11.385514338674136,10.293617300937592,12.57018796148565,11.18315461744598
E07000111,Sevenoaks,20.08619989933438,21.242671267399007,19.550449685741494,19.59970417195455,20.119756256107358
E08000039,Sheffield,12.990048424792635,11.47298376536692,10.588903240857928,13.396134690472628,12.112017530372528
E06000051,Shropshire,10.522155132921023,10.315181586732514,9.84048327513153,10.583081019145132,10.31522525348255
E06000039,Slough,23.038050447308734,24.08301257951327,19.490701427073507,24.221988298973713,22.708438188217304
E08000029,Solihull,13.589298428494072,15.592921433621276,13.846831500154355,15.312298134115007,14.585337374096177
E06000066,Somerset,11.18003514024847,11.711596196142823,11.147679323526145,13.518257943399371,11.8893921508292
E07000012,South Cambridgeshire,17.642544229631696,18.004960265507968,16.494761613930727,16.899173412809237,17.260359880469906
E07000039,South Derbyshire,10.057729673144548,11.073817294970441,11.552814129310102,12.618094203466253,11.325613825222835
E06000025,South Gloucestershire,18.035690567967666,19.619287012052226,17.99940873606376,19.930969871868474,18.89633904698803
E07000044,South Hams,11.26129460652009,12.108290618708168,12.203089938602465,12.737958471579802,12.077658408852631
E07000140,South Holland,10.451272631736392,9.919163679780027,9.76446555763241,10.278771738957706,10.103418402026636
E07000141,South Kesteven,10.624063867203311,10.754024971079398,10.5242901077724,11.080881428682748,10.745815093684463
E07000149,South Norfolk,11.65796884829004,11.908614250971123,11.952025005306425,12.291217310563544,11.952456353782784
E07000179,South Oxfordshire,17.51688708742463,18.142934804709544,17.267144177387824,17.782130705513154,17.677274193758787
E07000126,South Ribble,9.380144200940268,10.188984725017276,9.892265098340495,11.624597594569481,10.27149790471688
E07000196,South Staffordshire,10.571300453195567,11.291982296839429,10.521729987147449,11.877626570775856,11.065659826989577
E08000023,South Tyneside,7.357765029468397,8.29725339788606,8.739821911012813,10.133730198414439,8.632142634195427
E06000045,Southampton,17.81217121844925,17.62300695564719,13.709016392807271,18.05146191209575,16.798914119749867
E06000033,Southend-on-Sea,15.075296773922103,16.82309828808884,14.265467695129022,16.87259327248234,15.759114007405577
E09000028,Southwark,31.492136004561207,35.55499683715634,32.86019908868293,33.28098568112755,33.297079402882005
E07000213,Spelthorne,22.476353802093595,25.002431005467436,19.908372914301204,21.866307806482954,22.313366382086294
E07000240,St Albans,22.3385103003713,25.43212019458987,21.723428190001332,22.478358928136203,22.993104403274675
E08000013,St. Helens,10.08777316249477,11.074239679669514,9.365656188418393,9.728494539622636,10.06404089255133
E07000197,Stafford,11.084304285650306,10.793687951639091,10.689816364048944,11.050915132806093,10.90468093353611
E07000198,Staffordshire Moorlands,8.191300373412469,8.956904183566985,9.325610668479376,10.25128072642808,9.181273987971727
E07000243,Stevenage,20.379111728743,21.63261640397015,17.959805981565943,20.487248247656535,20.114695590483905
E08000007,Stockport,13.855465415237578,14.12866908402767,14.260325313904035,16.269982962722963,14.628610693973062
E06000004,Stockton-on-Tees,9.914437337131078,9.106338604525257,8.891618539474878,11.33790723443916,9.812575428892593
E06000021,Stoke-on-Trent,9.392834362561128,8.545905397726957,9.401378266767864,11.408815187002608,9.68723330351464
E07000221,Stratford-on-Avon,13.258825620398413,13.890946417053048,13.18199564380967,13.649486527869485,13.495313552282655
E07000082,Stroud,12.941231514699037,13.120949388906569,12.36967294731576,13.112317148975247,12.886042749974155
E08000024,Sunderland,8.486328167988912,8.322258658891757,8.424524207240848,10.15909573688359,8.848051692751277
E07000214,Surrey Heath,17.312568268579298,20.287010177778853,16.926478143047408,17.735928545411657,18.065496283704302
E09000029,Sutton,23.39499354425556,25.203582240500317,22.062500990727006,21.4426682083386,23.02593624595537
E07000113,Swale,14.79250564306711,15.05200277203215,14.910193106814459,17.512742243607168,15.56686094138022
W06000011,Swansea,11.873792150980707,9.855039515822366,9.153718125130938,11.355564298922928,10.559528522714235
E06000030,Swindon,14.850144715448911,14.725355196084525,14.12130493970941,15.071247687954713,14.692013134799389
E08000008,Tameside,12.021127312096468,11.887209836617147,12.726364357530747,14.637244493799026,12.817986500010846
E07000199,Tamworth,12.843308074905918,12.978978887991731,12.385996490579547,15.016381995738401,13.306166362303898
E07000215,Tandridge,18.81955550542721,20.808072962749012,18.12565213733462,19.275639532216726,19.257230034431892
E07000045,Teignbridge,11.425611534202506,12.542050622821831,12.568398013030668,13.648173156322107,12.546058331594278
E06000020,Telford and Wrekin,10.387598302748819,10.569381508216933,10.740002567751452,12.734670666272287,11.107913261247372
E07000076,Tendring,13.718287854903974,14.89007399942283,13.880945384908934,14.489707157196008,14.244753599107936
E07000093,Test Valley,14.4137152678278,15.576573408515094,14.333293747111135,14.597501503439656,14.730270981723422
E07000083,Tewkesbury,12.830488473868787,13.387635150413647,12.88235120747306,12.834555042945473,12.983757468675241
E07000114,Thanet,12.967041020736252,14.739539738492216,13.83623103752545,16.08989629394204,14.40817702267399
E07000102,Three Rivers,20.762101052675256,23.133259544734997,20.893288831793207,19.88390574643172,21.168138793908795
E06000034,Thurrock,18.086858964897438,20.02392866685657,17.681698539357978,20.6634660336482,19.11398805119005
E07000115,Tonbridge and Malling,17.178629807783036,19.113101528443064,18.01384778625591,20.160776134573315,18.61658881426383
E06000027,Torbay,11.912875096639034,12.934668834261393,11.4327590136325,12.461694877627922,12.185499455540212
W06000020,Torfaen,10.538450442755568,10.44729311020459,10.352268199775947,12.74143692093941,11.019862168418879
E07000046,Torridge,9.745683075255755,10.215328447237596,9.912602974835645,10.386330439949193,10.064986234319546
E09000030,Tower Hamlets,33.14461335759917,36.32091683200865,33.53301704790325,34.21559936087714,34.303536649597056
E08000009,Trafford,15.749643975553134,16.8969358576048,15.265398565329455,18.107829410641877,16.504951952282315
E07000116,Tunbridge Wells,18.778397340148633,20.208449139710318,17.49998484270076,18.662073206500175,18.78722613226497
E07000077,Uttlesford,15.879300705782427,16.270662654688262,15.454557067327698,15.448996280621826,15.763379177105055
W06000014,Vale of Glamorgan,12.05335260409953,12.3830114884835,10.766440405237852,12.972823417343866,12.043906978791187
E07000180,Vale of White Horse,17.229112585760266,17.83348386792748,15.377990181162223,17.009112057927954,16.862424673194482
E08000036,Wakefield,9.74858971201957,9.698957790548766,9.914237382679811,11.548219771295267,10.227501164135854
E08000030,Walsall,11.475103941334368,11.18198670723373,10.340763753350718,12.471220722617925,11.367268781134186
E09000031,Waltham Forest,28.18065507269787,28.19217919751492,22.419626554700894,25.621209002565482,26.103417456869792
E09000032,Wandsworth,31.213876090561637,35.38696165136239,31.167639378969167,31.96085303075253,32.432332537911435
E06000007,Warrington,12.028619534728119,11.812275353372023,11.551534759101035,12.846447078854368,12.059719181513886
E07000222,Warwick,15.934738655773,15.805532276834036,14.923311115112114,15.372356548594968,15.508984649078528
E07000103,Watford,24.03306500045863,26.011081803538666,20.34983343610151,24.211588278205056,23.651392129575964
E07000216,Waverley,18.162471773330633,20.13059521364171,17.485120464836296,18.06356694722621,18.46043859975871
E07000065,Wealden,15.414515680661356,16.057125502669,15.274076080916853,15.913913722162645,15.664907746602463
E07000241,Welwyn Hatfield,19.87468307271615,20.57082508133593,17.75693868929906,21.050623844657718,19.813267672002215
E06000037,West Berkshire,16.189254836399662,17.550651793272312,15.579108217145535,15.917730288847705,16.309186283916304
E07000047,West Devon,9.696025172514137,10.177446074982315,10.152251933071904,10.55162205817236,10.14433630968518
E07000127,West Lancashire,9.229122889159843,8.884388195228842,8.719177930190618,10.653958330761498,9.3716618363352
E07000142,West Lindsey,8.040956220940767,7.838952455184011,8.3343735358405,8.488829525439678,8.175777934351238
E06000062,West Northamptonshire,13.332689258214646,13.416378812131525,12.71924673399908,14.069899961612126,13.384553691489344
E07000181,West Oxfordshire,16.038136691505514,16.392313947404773,15.702308971612048,16.277496054483695,16.10256391625151
E07000245,West Suffolk,13.286783186008485,13.540543446974347,14.03091073520393,15.051672915982913,13.977477571042419
E09000033,Westminster,45.65645970527223,48.60283773588136,43.685708190806004,40.33797548409909,44.57074527901467
E06000064,Westmorland and Furness,9.951300428427052,9.772463979926188,9.319302577397977,10.15909003093928,9.800539254172625
E08000010,Wigan,9.558021614437152,9.077797255220847,9.061161302606793,10.911335169573958,9.652078835459688
E06000054,Wiltshire,12.597675855126901,13.035025936621075,12.41264640361088,13.051967197291573,12.774328848162607
E07000094,Winchester,16.439369826425946,17.271174536955503,16.267192103604156,17.630144152193743,16.90197015479484
E06000040,Windsor and Maidenhead,20.2869077231442,22.237493108168383,18.598209702237927,17.457584795443,19.645048832248378
E08000015,Wirral,8.787072578552785,9.836846542129072,9.551837595324836,11.858352348663141,10.008527266167457
E07000217,Woking,21.453088564102828,22.888368971890912,18.27363407427746,22.204229033889035,21.204830161040057
E06000041,Wokingham,19.160534356123115,20.506110160530838,16.472872821717083,18.219678527084056,18.589798966363773
E08000031,Wolverhampton,12.105692462878135,11.215550780775546,10.526030934350787,13.838973459533927,11.921561909384598
E07000237,Worcester,13.951251299026344,13.69897547937502,12.427749521817754,14.896855002444184,13.743707825665826
E07000229,Worthing,18.412421920641975,19.588518152992467,16.77472552622678,18.22286744684134,18.24963326167564
W06000006,Wrexham,10.307590898445872,9.565324403888043,9.33345565442739,10.434720729554066,9.910272921578843
E07000238,Wychavon,11.713354178746222,12.656474322426261,11.979956163776752,12.641074721601502,12.247714846637685
E07000128,Wyre,9.72915544744699,9.798683790190896,9.13030558097351,10.861761667300765,9.87997662147804
E07000239,Wyre Forest,11.222526048944196,11.693862226442352,11.139407776493888,12.760247587402734,11.704010909820791
E06000014,York,13.483039481208401,13.87051383512049,12.700659449976113,13.392646765619151,13.36171488298104
